-1.9643,37.395,291.93,89,1244,0.03,0.021,100.58,103.55,102.45
-1.9643,37.395,291.24,89,1244,0.051,0.011,104.7,105.4,104.16
-1.9643,37.394,290.55,89,1244,0.002,0.048,104.01,103.06,104.69
-1.9642,37.394,289.86,89,1241,0.074,0.005,103.68,103.2,103.82
-1.9642,37.394,289.17,89,1240,0.038,0.042,102.06,104.79,103.49
-1.9642,37.394,288.49,89,1238,0.042,0.089,104.14,103.93,105.85
-1.9642,37.394,287.39,89,1237,0.062,0.062,101.4,102.78,103.18
-1.9641,37.393,285.32,89,1232,0.027,0.079,101.85,103.34,101.73
-1.9641,37.393,284.42,89,1231,0.05,0.045,102.14,104.46,101.17
-1.964,37.393,283.46,89,1230,0.026,0.026,101.3,103.09,101.29
-1.9639,37.393,282.08,89,1227,0.025,0.016,104.07,100.72,102.63
-1.9639,37.393,281.35,88.811,1225,0.052,0.087,104.42,101.61,103.4
-1.9638,37.392,280.66,88.201,1225,0.035,0.068,100.06,105.55,105.5
-1.9638,37.392,279.92,88.788,1224,0.008,0.086,102.13,103.54,101.89
-1.9637,37.392,277.85,88,1225,0.019,0.061,101.44,103.24,101.68
-1.9636,37.392,276.59,88,1224,0.078,0.016,105.57,105.63,103.71
-1.9635,37.392,275.81,88,1228,0.056,0.026,104.58,101.53,101.32
-1.9634,37.391,274.43,88,1228,0.053,0.005,102.28,105.48,101.03
-1.9634,37.391,273.05,88,1230,0.026,0.004,104.12,103.34,100.09
-1.9633,37.391,271.67,88,1231,0.001,0.025,104.2,104.43,103.1
-1.9631,37.391,270.3,88.292,1232,0.046,0.015,103.54,104.11,100.01
-1.963,37.39,268.92,89,1230,0.002,0.061,105.78,100.83,103.34
-1.9629,37.39,267.77,89,1235,0.021,0.082,104.69,105.85,103.33
-1.9628,37.39,267.08,89,1228,0.015,0.032,103.23,102.55,100.44
-1.9626,37.39,266.39,89,1227,0.036,0.009,100.56,100.45,102.38
-1.9625,37.389,265.41,89,1231,0.062,0.072,105.32,100.64,104.64
-1.9623,37.389,264.03,89,1232,0.05,0.042,101.54,105.84,103.44
-1.9622,37.389,264,89,1234,0.025,0.062,102.78,103.42,102.42
-1.9621,37.389,263.64,89,1236,0.023,0.062,101.98,102.9,103.14
-1.962,37.389,262.95,89.394,1236,0.006,0.038,104.54,103.87,102.35
-1.9619,37.388,262.26,90,1237,0.013,0.06,104.82,101.31,100.4
-1.9618,37.388,262,90,1238,0.058,0.057,104.82,104.17,104.67
-1.9616,37.388,262,90,1240,0.007,0.047,105.26,101.47,104.59
-1.9615,37.388,262,90,1241,0.074,0.017,100.52,103.8,103.41
-1.9613,37.388,262,90,1237,0.034,0.046,104.01,105.77,103.69
-1.9611,37.387,262,90,1235,0.006,0.068,103.01,104.36,103.53
-1.9609,37.387,262,89.527,1234,0.046,0.038,102.01,105.82,103.7
-1.9607,37.387,262,89,1234,0.067,0.067,103.53,104.58,101.44
-1.9606,37.387,262.26,89,1233,0.028,0.062,102.11,103.15,104.75
-1.9604,37.387,262.95,89,1230,0.063,0.086,101.24,102.68,104.24
-1.9602,37.386,263.63,89,1227,0.057,0.028,101.57,103.83,104.43
-1.9601,37.386,264.32,89,1232,0.047,0.031,100.59,101.84,100.83
-1.9599,37.386,265.01,89,1227,0.03,0.035,100.9,102.66,100.03
-1.9597,37.386,265.7,89.553,1224,0.031,0.002,101.92,103.99,104.43
-1.9595,37.386,266.39,90,1225,0.034,0.057,103.57,104.94,104.87
-1.9594,37.386,267.16,90,1224,0.034,0.051,100.92,101.91,103.39
-1.9592,37.385,268.54,90,1223,0.017,0.033,100.37,103.94,100.33
-1.959,37.385,269.92,90,1226,0.04,0.038,100.04,103.03,101.94
-1.9588,37.385,271,90,1223,0.003,0.042,104.65,100.94,105.61
-1.9586,37.385,271,90,1227,0.045,0.028,104.09,101.83,105.12
-1.9584,37.385,272.05,89.368,1229,0.003,0.02,100.72,100.63,104.12
-1.9582,37.384,273,89.644,1227,0.07,0.01,104.32,105.23,101
-1.958,37.384,273,89.345,1226,0.069,0.012,100.97,104.08,104.08
-1.9578,37.384,273.59,89,1230,0.027,0.086,100.72,104.96,100.47
-1.9577,37.384,274.28,89,1228,0.078,0.044,104.09,105.68,103.37
-1.9576,37.384,274.97,89,1227,0.077,0.068,100.87,103.78,102.75
-1.9575,37.384,275.66,89,1228,0.08,0.028,100.34,103.08,103.99
-1.9573,37.383,276.35,88.288,1230,0.012,0,100.81,103.34,102.6
-1.9572,37.383,277.08,88,1226,0,0.056,100.08,105.93,100.18
-1.957,37.383,278.46,88,1227,0.02,0.032,101.13,103.76,102.65
-1.9569,37.383,279.42,88,1228,0.028,0.059,100.42,105.12,102.8
-1.9568,37.383,280.11,88,1231,0.018,0.076,100.22,102.94,100.06
-1.9568,37.382,280.8,88,1230,0.061,0.009,101.85,100.11,103.56
-1.9567,37.382,281.48,88,1225,0.018,0.053,103.09,101.46,101.81
-1.9566,37.382,282.17,88,1226,0.036,0.052,102.36,103.3,104.96
-1.9565,37.382,282.86,88.803,1232,0.021,0.047,105.98,100.61,105.5
-1.9565,37.382,283,89,1229,0.028,0.041,102.64,102.85,101.6
-1.9564,37.382,283.48,89,1228,0.073,0.087,100.91,101.04,101.77
-1.9563,37.381,284.86,89,1228,0.001,0.016,104.67,101.95,100.55
-1.9562,37.381,286.24,88.152,1229,0.01,0.05,104.45,100.66,104.36
-1.9562,37.381,287.31,88,1230,0.031,0.057,100.52,102.57,104.31
-1.9561,37.381,288,88,1229,0.068,0.002,102.82,104.32,103.73
-1.9561,37.381,288.69,88,1227,0.017,0.058,101.75,104.61,102.26
-1.9561,37.38,289.38,88.894,1228,0.075,0.076,102.44,105.57,103.79
-1.956,37.38,290.13,89,1227,0.078,0.035,102.58,104.54,103.1
-1.956,37.38,291.51,89,1227,0.03,0.039,105.23,101.99,103.9
-1.956,37.38,292.44,89,1228,0.079,0.007,104.25,105.29,105.23
-1.956,37.38,293.27,89,1226,0.009,0.052,100.08,103.15,101.98
-1.956,37.379,294.64,89,1226,0.061,0.079,100.14,101.6,103.35
-1.956,37.379,295.51,89,1227,0.046,0.018,101.42,101.01,100.17
-1.956,37.379,296.2,89,1230,0.05,0.008,103.59,100.27,101.32
-1.956,37.379,296.89,89,1230,0.039,0.017,105.56,101.02,104.72
-1.9561,37.378,297.58,89,1230,0.017,0.06,102,105.56,101.74
-1.9561,37.378,298.27,89,1229,0.011,0.066,102.66,100.65,100.34
-1.9561,37.378,298.96,89,1230,0.051,0.057,100.59,105.01,104.2
-1.9562,37.378,299.65,89,1233,0.064,0.042,104.29,100.91,103.83
-1.9562,37.378,300.33,89,1229,0.054,0.028,104.33,105.14,103.89
-1.9563,37.377,301.02,88.947,1229,0.038,0.058,104.7,103.59,105.3
-1.9564,37.377,301.71,88,1229,0.076,0.051,105.66,101.18,100.98
-1.9564,37.377,302,88,1229,0.047,0.06,100.28,104.79,104
-1.9565,37.377,302.18,88,1230,0.018,0.011,104.81,104.73,102.3
-1.9566,37.377,303.56,88,1229,0.055,0.061,102.8,100.57,104.16
-1.9567,37.376,304,88,1231,0.025,0.061,101.67,101.03,101.82
-1.9569,37.376,304.16,88,1231,0.06,0.084,100.26,103.62,103.9
-1.957,37.376,304.85,88,1231,0.08,0.075,104.73,101.95,102.16
-1.9572,37.376,305.54,88,1229,0.021,0.016,105.4,101.6,105.48
-1.9573,37.375,306,88,1230,0.075,0.086,104.66,104.74,102.33
-1.9574,37.375,306,88,1229,0.056,0.018,105.03,103.7,104.07
-1.9576,37.375,306,88.178,1230,0.007,0.019,102.06,104.12,104.52
-1.9578,37.375,306,88.811,1232,0.019,0,101.14,104.19,101.19
-1.958,37.375,306,88,1230,0.075,0.027,102.27,105.6,104.07
-1.9581,37.374,306,88,1229,0.038,0.024,101.54,100.72,104.75
-1.9583,37.374,306,88,1231,0.071,0.053,100.12,103.64,104.36
-1.9585,37.374,306,88,1233,0.063,0.036,101.76,102.94,101.05
-1.9586,37.374,306,88.246,1233,0.001,0.016,101.44,103.18,100.62
-1.9588,37.374,305.57,88.743,1229,0.062,0.035,101.21,101.33,104.91
-1.959,37.374,304.88,88,1232,0.055,0.014,102.09,104.49,105.89
-1.9593,37.373,304.19,88.28,1233,0.07,0.075,103.22,101.55,104.51
-1.9596,37.373,303.01,88.708,1230,0.047,0.013,100.74,101.19,105.46
-1.9598,37.373,301.82,88,1229,0.05,0.061,101.15,105.23,103.65
-1.9599,37.373,301.13,88,1230,0.009,0.068,102.93,100.16,102.75
-1.9601,37.373,300.44,88,1229,0.017,0.001,102.44,100.21,100.27
-1.9604,37.372,299.75,88.337,1229,0.002,0.012,104.41,102.63,103.6
-1.9605,37.372,299.06,89,1229,0.036,0.002,101.8,100.39,104.69
-1.9606,37.372,298.37,89,1233,0.026,0.073,104.85,105.88,104.91
-1.9608,37.372,297.68,88.629,1230,0.023,0.004,105.49,103.77,101.34
-1.9611,37.372,296.99,88.383,1221,0.04,0.06,104.59,103.94,104.4
-1.9612,37.372,296.3,89,1232,0.014,0.041,102,101.97,104.07
-1.9614,37.372,295.23,89,1231,0.075,0.073,104.32,102.85,105.84
-1.9616,37.371,294,88.583,1228,0.076,0.032,100.2,100.09,102.47
-1.9618,37.371,294,88,1230,0.047,0.002,103.69,101.2,100.3
-1.962,37.371,293.55,88,1227,0,0.019,100.67,105.15,101.89
-1.9622,37.371,292.86,88,1229,0.073,0.064,100.3,100.4,101.89
-1.9624,37.371,292.17,88,1231,0.055,0.049,100.33,101.86,102.96
-1.9626,37.371,291.48,88,1232,0.005,0.079,100.15,104.96,100.33
-1.9628,37.37,290.58,88.485,1229,0.08,0.067,105.74,103.67,100.57
-1.9631,37.37,289.2,89,1227,0.025,0.009,103.15,105.49,101.43
-1.9633,37.37,288.41,88.492,1231,0.065,0.088,104.54,105.31,104.7
-1.9634,37.37,288,88.519,1231,0.037,0.067,103.54,101.47,105.22
-1.9635,37.37,288,88.47,1225,0.047,0.001,104.44,105.75,103.75
-1.9636,37.37,287.34,88,1231,0.038,0.061,101.91,102.71,101.99
-1.9638,37.37,286.65,88.553,1232,0.044,0.044,105.09,105.34,101.63
-1.9639,37.369,285.93,89,1232,0.014,0.003,102.96,102.79,100.19
-1.9642,37.369,284.55,89,1232,0.047,0.01,100.69,103.51,105.22
-1.9643,37.369,283.59,88.413,1228,0.012,0.006,104.88,100.07,101.48
-1.9645,37.369,282.8,88,1226,0.036,0.055,104,104.37,105.92
-1.9647,37.369,281.42,88,1230,0.043,0.021,102.29,102.49,100.76
-1.965,37.368,280.04,88.621,1230,0.037,0.012,104.32,100.71,103.2
-1.9652,37.368,278.66,89,1231,0.067,0.048,102.51,103.58,102.27
-1.9655,37.368,277.28,89,1229,0.08,0.084,100.33,100.02,104.71
-1.9656,37.368,276.45,89,1230,0.078,0.056,103.51,105.64,105.49
-1.9658,37.368,275.76,89,1229,0.06,0.062,101.79,104.15,102.17
-1.966,37.367,275.07,88.322,1230,0.016,0.021,102.46,101.63,105.47
-1.9662,37.367,274.38,88.689,1228,0.002,0.018,103.52,104.52,100.71
-1.9664,37.367,273.7,89,1227,0.015,0.003,101.89,103.95,100.2
-1.9665,37.367,273.01,89,1227,0.046,0.06,100.88,101.7,105.43
-1.9667,37.367,271.63,89,1230,0.05,0.046,105.95,103.21,105.59
-1.9668,37.366,270.63,89,1227,0.029,0.044,100.64,100.36,103.54
-1.9669,37.366,269.94,89,1228,0.051,0.078,102,104.07,100.33
-1.967,37.366,269.25,89,1227,0.072,0.087,100.22,105.54,105.3
-1.9672,37.366,269,89,1237,0.02,0.069,105.54,102.8,105.1
-1.9674,37.366,268.87,89,1229,0.023,0.022,102.24,102.21,103.41
-1.9675,37.365,268.18,89,1229,0.01,0.061,105.94,105.51,102.76
-1.9677,37.365,267.49,89,1230,0.042,0.069,103.26,100.06,100.4
-1.9678,37.365,266.8,89,1229,0.066,0.053,103.38,105.58,102.3
-1.9679,37.365,266.11,89,1228,0.024,0.074,101.12,104.16,104.44
-1.9679,37.365,265.43,88.163,1231,0.063,0.084,101.29,104.93,103.13
-1.968,37.364,264.47,88.848,1231,0.035,0.058,102.91,105.15,102.98
-1.9682,37.364,263.09,88.14,1228,0.044,0.001,101.31,100.66,104.98
-1.9683,37.364,261.72,88,1225,0.079,0.016,105.63,104.23,100.1
-1.9684,37.364,260.67,88,1221,0.055,0.002,101.66,103.31,101.58
-1.9685,37.363,260,88.894,1240,0.078,0.085,105.72,103.12,100.85
-1.9686,37.363,260,89,1237,0.007,0.044,104.89,101.88,100.19
-1.9687,37.363,259.6,89,1225,0.072,0.072,102.1,100.97,101.73
-1.9688,37.363,258.91,89,1221,0.004,0.041,100.12,101.92,105.37
-1.9688,37.362,258.22,89,1230,0.009,0.044,102.04,104.03,100.98
-1.9689,37.362,257.07,89,1228,0.051,0.038,102.31,103.14,105.94
-1.969,37.362,255.85,89,1240,0.029,0.081,100.56,103.65,100.78
-1.9691,37.362,255.16,88.027,1223,0.025,0.079,105.82,104.56,102.8
-1.9691,37.361,254.47,88,1228,0.064,0.057,101.14,100.98,102.22
-1.9692,37.361,253.78,88.996,1229,0.024,0.026,100.98,102.97,103.95
-1.9692,37.361,253.09,88,1228,0.049,0.026,103.04,104.59,105.25
-1.9693,37.361,253,88,1229,0.037,0.022,103.05,101.8,101.77
-1.9693,37.36,253,88.03,1212,0.023,0.064,100.3,105.04,101.63
-1.9694,37.36,253,88.958,1207,0.067,0.07,102.2,104.08,100.48
-1.9694,37.36,252.33,88,1232,0.046,0.074,103.51,101.97,101.11
-1.9695,37.359,251.29,88,1235,0.005,0.073,105.97,103.23,104.56
-1.9696,37.359,250,88.076,1226,0.021,0.023,102.61,105.03,105.46
-1.9697,37.359,250,89,1224,0.013,0.072,104.18,101.46,103.87
-1.9698,37.359,249.15,89,1227,0.045,0.057,100.09,100.11,103.1
-1.9699,37.359,247.66,89,1228,0.016,0.021,100.91,103.65,104.21
-1.97,37.358,245.59,89,1230,0.039,0.034,105.4,103.23,100.27
-1.9702,37.358,244.02,89,1228,0.059,0.041,100.27,101.36,105.35
-1.9703,37.358,242.82,89,1232,0.077,0.045,100.17,105.52,104.04
-1.9704,37.358,242.13,89,1228,0.061,0.049,103.45,105.62,100.99
-1.9705,37.357,240.32,89,1227,0.006,0.031,102.04,102.93,103.02
-1.9707,37.357,238.75,88.822,1228,0.075,0.026,101.31,104.19,103.19
-1.9708,37.357,238.06,88.189,1227,0.078,0.064,105.43,103.1,103.75
-1.9709,37.357,236.75,89,1230,0.049,0.085,104.1,101.71,105.79
-1.9711,37.356,235.37,88.788,1230,0.077,0.054,102.23,100.05,103.42
-1.9713,37.356,233.99,88,1227,0.026,0.053,102.41,101.76,103.47
-1.9714,37.356,232.61,88,1226,0.072,0.067,101.23,104,105.63
-1.9716,37.356,232,88,1229,0,0.033,101.42,100.93,100.36
-1.9716,37.356,231.93,88,1232,0.039,0.041,105.31,101.35,103.96
-1.9718,37.355,231.24,88,1229,0.011,0.046,105.53,105.27,100.59
-1.9718,37.355,230.1,88,1229,0.025,0.084,104.69,103.64,103.65
-1.9719,37.355,229,88,1225,0.013,0.041,101.45,103.88,104.83
-1.9719,37.355,229,88.303,1227,0.048,0.058,103.5,100.41,100.19
-1.972,37.355,228.48,89,1228,0.053,0.041,101.21,101.31,103.13
-1.972,37.355,227.79,89,1228,0.028,0.05,100.76,104.68,101.78
-1.972,37.354,227.1,89,1229,0.004,0.003,104.13,103.78,103.97
-1.9721,37.354,225.83,89,1231,0.003,0.073,105.47,100.42,103.59
-1.9721,37.354,225,89,1233,0.004,0.061,104.51,103.94,100.36
-1.9722,37.354,225,89,1237,0.005,0.018,104.94,103.12,105.35
-1.9722,37.353,223.04,88.617,1243,0.001,0.001,101.35,105.69,105.72
-1.9722,37.353,221.32,88.394,1245,0.078,0.069,102.32,100.12,101.08
-1.9722,37.353,219.94,88.595,1249,0.059,0.051,102.51,104.37,100.44
-1.9721,37.352,218.56,88.417,1253,0.06,0.059,105.62,102.39,105.93
-1.9721,37.352,217.18,88.572,1256,0.002,0.057,100.63,104.13,102.57
-1.972,37.352,215.8,88.439,1261,0.009,0.066,103.19,100.43,104.56
-1.9719,37.352,214.42,89,1263,0.021,0.08,103.73,104.55,105.54
-1.9718,37.351,213.52,89,1266,0.072,0.06,101.68,100.3,105.24
-1.9717,37.351,212.5,89,1269,0.078,0.01,101.18,103.86,105.78
-1.9716,37.351,210.43,89,1271,0.08,0.064,102.45,103,101.78
-1.9715,37.351,209.46,89,1276,0.028,0.04,102.17,103.18,104.26
-1.9714,37.351,208.77,89,1275,0.023,0.058,100.97,104.43,105.41
-1.9713,37.35,208.08,88.481,1279,0.015,0.059,105.37,101.65,105.25
-1.9712,37.35,206.78,88.53,1282,0.06,0.061,102.64,101.43,104.97
-1.971,37.35,205.4,88.458,1282,0.058,0.005,104.02,104.56,100.21
-1.9709,37.35,204.02,88.553,1281,0.015,0.02,101.26,105.77,105.44
-1.9708,37.349,202.64,89,1280,0.035,0.015,102.83,100.99,103.77
-1.9707,37.349,201.63,88.424,1280,0.003,0.084,100.29,102.27,103.44
-1.9706,37.349,200.94,88,1278,0.053,0.046,102.98,100.58,104.43
-1.9706,37.349,200.25,88,1276,0.063,0.061,101.62,105.61,103.05
-1.9704,37.349,199.13,88,1272,0.069,0.06,104.11,104.82,105.19
-1.9703,37.348,197.88,88,1268,0.063,0.007,104.49,104.38,100.84
-1.9702,37.348,197.19,88,1268,0.035,0.02,102.35,104.77,103.94
-1.9701,37.348,196.5,88.644,1258,0.028,0.025,103.35,103.44,103.56
-1.9699,37.348,195.81,89,1251,0.004,0.083,104.4,102.17,103.08
-1.9699,37.348,195.12,89,1245,0.066,0.02,103.67,100.96,101.47
-1.9698,37.347,195,89,1236,0.008,0.022,103.49,105.32,105.85
-1.9697,37.347,194.74,88.311,1227,0,0.061,100.42,105.42,105.5
-1.9696,37.347,194.05,88,1226,0.022,0.059,102.24,104.55,103.91
-1.9695,37.347,194,88,1218,0.076,0.064,100.2,102.17,100.66
-1.9694,37.347,193.35,88,1221,0.054,0.076,102.44,102.98,103.09
-1.9692,37.347,192,88,1217,0.031,0.066,103.95,103.95,102.89
-1.9691,37.346,192,88,1212,0.069,0.001,103.45,101.73,100.4
-1.9689,37.346,191.61,88,1217,0.054,0.053,105.86,100.85,102.33
-1.9687,37.346,190.92,88.769,1219,0.449,0.083,102.65,101.85,104.83
-1.9685,37.346,190.23,89,1224,0.435,0.008,104.67,102.08,104.72
-1.9683,37.346,189.54,89,1226,0.477,0.05,103.42,100.83,100.72
-1.9681,37.345,188.85,89,1229,0.466,0.084,100.12,101.29,102.47
-1.9679,37.345,188.16,88.186,1226,0.4,0.018,103.07,103.34,104.79
-1.9676,37.345,187.47,88,1224,0.411,0.047,102.44,100.3,101.51
-1.9674,37.345,187,88.837,1224,0.439,0.011,67.32,102.5,103.53
-1.9672,37.344,187,88.151,1224,0.447,0.068,67.38,104.27,100.22
-1.967,37.344,187,88.86,1221,0.423,0.028,68.63,105.28,104.09
-1.9668,37.344,187.29,89,1220,0.435,0.017,71.52,103.61,104.96
-1.9666,37.344,187.97,89,1222,0.432,0.089,67.91,102.79,104.2
-1.9666,37.343,188,89,1223,0.411,0.064,67.7,70.9,102.11
-1.9664,37.343,188.35,89.905,1225,0.477,0.075,68.18,67.93,102.93
-1.9663,37.343,189.04,90,1223,0.429,0.062,69,68.26,101.7
-1.9662,37.343,189.73,90,1229,0.467,0.062,70.88,66.82,101.59
-1.9661,37.342,190.42,90,1221,0.403,-0.652,67.41,69.92,104.59
-1.966,37.342,191.11,90.951,1226,0.034,-0.683,66.13,66.15,103.51
-1.9659,37.342,191.8,91,1229,0.006,-0.656,67.8,67.4,103.23
-1.9658,37.342,192.49,91,1227,0.025,-0.65,67.79,71.88,105.95
-1.9657,37.341,193.18,91,1227,0.076,-0.625,70.96,71.66,104.62
-1.9657,37.341,193.87,91.996,1229,0.069,-0.682,66.81,71.89,103.52
-1.9657,37.341,194.56,92,1226,0.014,-0.652,70.89,66.4,104.75
-1.9656,37.341,195.24,92,1231,0.043,-0.627,71.17,67.17,103.29
-1.9656,37.34,195.93,92,1231,0.023,-0.668,69.32,68.54,100.45
-1.9656,37.34,196.62,92,1228,0.073,-0.651,66.11,69.22,102.85
-1.9655,37.34,197.31,92,1232,0.006,-0.635,69.05,68.78,105.1
-1.9655,37.34,198,92,1232,0.063,-0.682,70.28,69.76,102.42
-1.9655,37.34,198,92,1231,0.014,-0.642,70.19,69.02,101.42
-1.9656,37.339,198.76,92,1229,0.058,-0.7,71.36,70.75,103.25
-1.9656,37.339,200,92,1231,0.018,-0.654,70.21,70.26,102.21
-1.9656,37.339,200,92,1230,0.016,-0.649,71.63,69.42,104.55
-1.9656,37.339,200.89,91.879,1231,0.017,-0.7,66.06,66.94,104.62
-1.9657,37.339,202.14,91,1232,0.079,-0.619,70.92,69.75,102.08
-1.9658,37.338,202.83,91,1229,0.03,-0.625,66.2,71.56,105.81
-1.9658,37.338,203.51,90.845,1224,0.051,-0.63,69.1,71.9,102.13
-1.9659,37.338,204.2,90,1222,0.003,-0.629,69.92,70.34,101.16
-1.966,37.338,204.89,89.822,1215,0.018,-0.666,70.53,67.12,100.54
-1.9661,37.337,205.58,89,1210,0.07,-0.687,67.68,71.16,101.88
-1.9661,37.337,206.27,89,1209,0.037,-0.668,69.62,66.77,105.75
-1.9662,37.337,206.96,88.788,1206,0,-0.642,71.34,70.46,103.83
-1.9663,37.337,207.65,88,1201,0.037,-0.616,69.86,66.28,101.25
-1.9664,37.337,208.34,88,1202,0.066,0.008,70.72,69.9,102
-1.9665,37.337,209,88,1199,0.07,0.067,68.95,66.35,102.06
-1.9665,37.336,209,88,1197,0.024,0.005,68.42,71.52,105.37
-1.9666,37.336,209.41,88,1201,0.019,0.068,71.27,67.03,103.03
-1.9668,37.336,210.09,88,1198,0.067,0.042,70.25,66.52,103.37
-1.9668,37.336,210.78,88,1196,0.035,0.004,70.96,67.83,104.74
-1.967,37.336,211.95,88,1199,0.041,0.076,66.06,70.03,102.1
-1.9671,37.335,213,88,1198,0.015,0.014,66.57,67.22,101.32
-1.9671,37.335,213,88,1200,0.012,0.01,69.26,71.85,104.94
-1.9672,37.335,213.54,88,1204,0.073,0.024,71.14,66.23,100.45
-1.9673,37.335,214,88,1201,0.08,0.028,67.58,68.95,100.49
-1.9674,37.335,214,88,1202,0.031,0.055,70.66,69.85,101.86
-1.9675,37.334,214.61,88,1202,0.066,0.061,69.83,68.43,105.14
-1.9676,37.334,215,88,1201,0.077,0.089,70.35,66.34,102.85
-1.9676,37.334,215,88,1201,0.072,0.09,71.37,69.78,101.94
-1.9677,37.334,215,88,1199,0.068,0.068,70.61,67.28,102.76
-1.9677,37.333,215.36,88,1199,0.055,0.025,67.24,69.78,104.05
-1.9678,37.333,216,88,1199,0.013,0.086,66.26,68.37,103.45
-1.9678,37.333,216,88,1198,0.019,0.037,66.92,70.78,105.06
-1.9678,37.333,216,88,1198,0.035,0.019,70.31,71.28,100.45
-1.9678,37.332,216,88,1197,0.002,0.057,66.77,70.68,101.56
-1.9678,37.332,216,88,1196,0.021,0.001,67.32,70.22,104.13
-1.9679,37.332,216,88,1195,0.079,0.003,68.72,68.52,102.59
-1.9679,37.332,216,88,1194,0.025,0.016,68.79,69.86,101.94
-1.9679,37.332,216,88,1194,0.046,0.018,66.53,66.47,100.27
-1.9679,37.331,216.57,88,1193,0.049,0.065,69.04,68.28,101.86
-1.9679,37.331,216.74,88.53,1193,0.673,0.04,66.45,68.63,102.56
-1.968,37.331,216.06,89,1192,0.632,0.076,67,68.44,103.69
-1.968,37.331,216.63,89,1190,0.656,0.035,70.49,67.64,101.46
-1.968,37.33,217,89,1190,0.616,0.076,68.01,67.39,105.07
-1.968,37.33,217.01,89,1192,0.605,0.068,67.83,70.43,105.3
-1.968,37.33,217.7,89,1194,0.65,0.053,70.92,71.28,105.57
-1.968,37.33,218,89,1195,0.655,-0.686,71.9,70.64,103.38
-1.968,37.33,218,89,1196,0.024,-0.652,71.82,66.21,101.82
-1.9681,37.33,218,89,1200,0.046,-0.658,69.46,69.33,104.62
-1.9681,37.329,218.46,89,1202,0.025,-0.666,67.4,69.53,103.04
-1.9681,37.329,219.15,89,1206,0.065,-0.692,67.75,67.47,103.68
-1.9681,37.329,219.84,89,1213,0.029,-0.677,70.04,68.39,104.12
-1.9682,37.328,220,88.333,1217,0.056,-0.67,69.44,70.84,100.5
-1.9682,37.328,220,88,1221,0.051,-0.666,67.2,67.81,70.29
-1.9682,37.328,220,88,1225,0.078,-0.687,71.75,68.94,67.79
-1.9682,37.328,220,87.299,1226,0.016,-0.672,68.02,70.69,67.4
-1.9682,37.328,220,87,1235,0.048,-0.675,66.89,68.7,67.9
-1.9683,37.327,220,87,1235,0.006,-0.626,67.97,71,67.69
-1.9683,37.327,220,87,1243,0.044,-0.669,66.67,70.06,67.5
-1.9683,37.327,220,86.254,1244,0.068,-0.621,70.63,66.52,66.74
-1.9683,37.327,220.04,86,1254,0.003,-0.676,70.76,71.89,70.01
-1.9683,37.326,220.73,86.769,1628,0.026,-0.63,69.52,69.4,67.67
-1.9684,37.326,221.42,86.22,1623,0.057,-0.645,66.47,67.24,67.48
-1.9684,37.326,222,86,1633,0.069,0.001,67.15,66.57,69.41
-1.9684,37.326,222,86,1641,0.04,0.063,70.66,66.37,66.3
-1.9684,37.326,222,86,2003,0.08,0.001,68.12,66.15,70.94
-1.9684,37.325,222,86,2143,0.034,0.062,71.04,68,66.22
-1.9685,37.325,222,86,2134,0.021,0.079,66.8,69.34,67.6
-1.9685,37.325,221.45,86,2142,0.038,0.039,70.19,71.08,67.81
-1.9685,37.325,221,86.86,2133,0.013,0.057,67.14,69.76,69.98
-1.9685,37.325,221,87,2125,0.012,0.053,68.38,69.6,69.76
-1.9685,37.324,221.62,87,2115,0.021,0.02,68.03,67.26,70.28
-1.9686,37.324,221.69,87,2103,0.061,0.071,71.54,67.52,67.65
-1.9686,37.324,221,86.095,2100,0.049,0.026,71.03,69.91,71.98
-1.9686,37.324,221.69,86,2104,0.078,0.084,69.78,67.97,67.8
-1.9686,37.323,222,86.928,2104,0.062,0.027,71.2,69.14,69.01
-1.9686,37.323,221.94,86.06,2114,0.046,0.048,67.29,66.74,66.79
-1.9687,37.323,221.25,86,2124,0.036,0.03,66.39,68.72,71.39
-1.9687,37.323,221.44,86,2141,0.023,0.021,70.07,71.96,67.43
-1.9687,37.322,222,86,2158,0.06,0.049,69.21,68.39,66.4
-1.9687,37.322,222,86,2173,0.007,0.009,69.1,66.37,68.19
-1.9687,37.322,222,86,2183,0.008,0.012,67.53,67.76,71.94
-1.9687,37.322,222.2,86,2189,0.059,0.008,71.12,69.31,67.27
-1.9687,37.321,222.89,86,2193,0.028,0.028,70.94,70.44,67.72
-1.9687,37.321,223,86,2197,0.047,0.073,66.09,67.91,69.03
-1.9687,37.321,223.27,86,2195,0.024,0.046,68.85,68.96,69.78
-1.9686,37.321,223.96,86,2190,0.057,0.078,71.67,69.77,68.36
-1.9686,37.32,224,86,2184,0.029,0.089,68.75,70.52,70.08
-1.9685,37.32,224,86,1600,0.058,0.029,71.1,70.17,66.78
-1.9684,37.32,224,86,1299,0.08,0.019,69.21,66.82,66.42
-1.9684,37.32,224,86,1293,0.006,0.047,68.6,71.45,66.27
-1.9683,37.319,224.4,86,1284,0.037,0.032,66.14,68.27,69.32
-1.9682,37.319,225,86,1278,0.007,0.078,69.03,69.18,71.35
-1.9681,37.319,225,86,1271,0.058,0.023,71.26,71.94,69.52
-1.9681,37.319,225,86.144,1256,1.073,0.076,71.45,71.75,69.19
-1.968,37.319,225,87,1248,1.006,0.053,67.71,70.91,69.87
-1.9679,37.319,225,87,1236,1.042,0.065,66.79,68.54,68.44
-1.9677,37.318,225,87.178,1234,1.044,0.031,66,70.91,67.57
-1.9676,37.318,225,88,1217,1.055,0,67.91,68.67,69.66
-1.9675,37.318,225,88,1217,1.024,0.017,69.18,68.28,69.8
-1.9673,37.318,224.4,88,1213,1.048,0.046,70.98,70.25,70.56
-1.9671,37.318,224,88.224,1216,1.016,0.002,70.04,67.43,67.4
-1.9669,37.317,224,89,1212,1.053,0.05,71.48,67.05,67.73
-1.9668,37.317,224,89.246,1208,1.056,0.025,70.54,67.43,66.13
-1.9667,37.317,224,90,1206,1.037,0.063,67.01,67.7,67.75
-1.9665,37.317,224,90.269,1206,1.012,0.08,71.79,66.24,68.12
-1.9663,37.317,224,91,1200,1.034,0.002,68.09,69.31,69.9
-1.966,37.316,223.57,90.708,1192,1.048,0.031,69.59,71.66,69.65
-1.9658,37.316,223,90.303,1185,1.026,0.038,70.39,70.73,70.54
-1.9656,37.316,223,91,1180,1.067,0.007,71.23,67.45,71.31
-1.9654,37.316,222.5,91,1184,1.009,0.007,68,70.18,71.38
-1.9651,37.316,221.63,91,1176,1.02,0.006,68.78,66.09,66.46
-1.9648,37.316,220.25,91,1168,1.075,0.081,67,70.61,69.16
-1.9646,37.315,220,91,1156,1.053,0.088,68.8,67.99,66.27
-1.9644,37.315,219.75,91,1153,1.06,0.035,68.74,67.93,70.78
-1.9641,37.315,219.06,91,1152,1.065,0.028,66.76,70.6,67.89
-1.9638,37.315,218.37,90.606,1142,1.003,0.05,69.84,68.3,67.41
-1.9636,37.315,218,90,1136,1.033,0.072,71.38,67.31,67.6
-1.9634,37.315,218,90,1139,1.058,0.072,35.56,69.38,66.85
-1.9631,37.315,218,90,1133,1.011,0.078,34.05,67.32,67.16
-1.9628,37.314,217.61,90,1127,1.051,0.072,34.77,66.97,71
-1.9625,37.314,216.92,90,1123,1.019,0,33.35,68.4,70.47
-1.9624,37.314,216.24,90.462,1110,1.068,0.083,33.36,66.12,70.47
-1.9622,37.314,216.45,91.474,1422,1.067,0.001,33.16,68.54,67.59
-1.9619,37.314,217,92,1413,1.036,0.002,36.3,66.01,66.68
-1.9618,37.314,217,92.496,1413,1.031,0.064,36.38,66.26,66.29
-1.9615,37.313,216.48,93,1418,1.077,0.048,34.83,67.13,67.65
-1.9612,37.313,215.79,93.519,1417,1,0.047,37.53,67.21,69.95
-1.9609,37.313,215.1,94,1417,1.032,0.045,37.03,69.6,69.76
-1.9606,37.313,215,94,1415,1.039,0.005,38.64,67.39,69.45
-1.9604,37.313,215,94,1416,1.05,0.02,35.91,69.4,67.2
-1.9603,37.313,215,94,1416,1.005,0.01,36.11,69.31,68.46
-1.9601,37.313,214.34,93.424,1417,1.011,-0.91,37.74,68.03,67.7
-1.96,37.312,214,93.587,1420,0.052,-0.994,36.43,71.94,71.01
-1.9598,37.312,214,93.401,1417,0.017,-0.995,37.6,66.89,70.55
-1.9596,37.312,214,93,1413,0.009,-0.94,38.53,71.11,71.2
-1.9594,37.312,214,93,1414,0.003,-0.969,34.26,70.73,68.5
-1.9592,37.312,214,93,1418,0.013,-0.989,36.65,69.15,70.46
-1.9591,37.312,214,92.356,1410,0.041,-0.943,35.79,66.11,66.42
-1.9589,37.312,213.04,91.345,1416,0.07,-0.933,36.7,67.58,71.76
-1.9586,37.311,212,90.333,1415,0.062,-0.927,34.22,72,70.13
-1.9584,37.311,212,90,1420,0.01,-0.976,37.07,70.27,67.56
-1.9581,37.311,212,89.31,1418,0.005,-0.961,33.1,67.31,37.42
-1.9579,37.311,211.76,88.299,1416,0.054,-0.964,34.36,69.85,35.87
-1.9577,37.31,211.07,88,1413,0.039,-0.945,38.49,66.72,38.23
-1.9574,37.31,211,88,1413,0.04,-0.93,37.61,69.34,34.93
-1.9572,37.31,211,88,1416,0.025,-0.915,36.2,70.73,36.37
-1.957,37.31,211,88,1415,0.026,-0.989,33.41,68.49,34.47
-1.9567,37.309,211,87.242,1231,0.073,-0.977,34.19,66.5,33.8
-1.9565,37.309,210.63,87,1068,0.036,-0.966,33.07,69.52,34.42
-1.9563,37.309,210,87,1070,0.06,-0.91,38.8,69.84,35.18
-1.9561,37.309,210,87,1073,0.015,-0.969,38,66.75,37.13
-1.956,37.309,210,86.197,1077,0.006,-0.919,35.67,71.2,33.23
-1.9559,37.309,209.87,86,1080,0.016,-0.979,38.95,68.93,37.13
-1.9558,37.309,209.18,86,1088,0.045,-0.98,37.77,67.65,34.56
-1.9556,37.308,209,85.163,1095,0.053,-0.91,35.93,67.87,38.14
-1.9555,37.308,208.8,85,1101,0.076,-0.914,33.78,70,36.28
-1.9553,37.308,208.12,85,1116,0.003,-0.942,34.27,69,35.76
-1.955,37.308,207.43,84.129,1122,0.013,-0.955,37.99,68.66,33.91
-1.9548,37.308,206.74,84,1133,0.035,-0.968,34.94,67.95,34.53
-1.9545,37.307,206.05,83.106,1148,0.026,-0.931,37.43,69.4,35.35
-1.9543,37.307,206,83,1143,0.007,-0.929,33.96,66.09,38.79
-1.9541,37.307,205.67,83,1145,0.065,-0.998,37.39,69.32,36.12
-1.954,37.307,204.98,82.072,1148,0.032,-0.996,33.32,71.62,33.72
-1.9537,37.307,204.29,82,1146,0.053,-0.971,37.29,68.89,38.49
-1.9535,37.306,203.6,82,1144,0.045,-0.928,33.73,67.97,35.74
-1.9533,37.306,203,81.038,1144,0,-0.943,38.91,70.82,38.43
-1.9531,37.306,203,81,1149,0.052,-0.911,36.56,66.86,34.75
-1.9529,37.306,202.53,80.015,1151,0.025,-0.986,34.61,66.47,37.7
-1.9527,37.306,202,79.004,1159,0.021,-0.944,35.59,68.67,33.33
-1.9524,37.305,202,79,1165,0.037,-0.972,38.59,68.79,34.28
-1.9523,37.305,201.47,79,1169,0.05,-0.993,36.05,70.42,37.66
-1.9522,37.305,201,79,1177,0.064,0.079,33.38,70.2,37.18
-1.952,37.305,201,79,1188,0.045,0.053,36.96,69.2,38.45
-1.9518,37.305,201,79,1191,0.002,0.027,35.69,67.24,36.65
-1.9516,37.305,200.71,79,1196,0.064,0.015,33.88,66.94,36.27
-1.9515,37.305,200.02,79,1201,0.022,0.03,37.65,68.41,37.52
-1.9513,37.304,200,79,1206,0.066,0.006,36.19,68.62,38.27
-1.951,37.304,199.64,79,1213,0.055,0.059,33.52,71.86,38.37
-1.9508,37.304,198.95,79,1220,0.048,0.022,38.41,71.56,38.14
-1.9506,37.304,198.27,79,1220,0.031,0.068,38.21,67.85,37.1
-1.9505,37.304,197.58,79,1222,0.005,0.027,33.33,71.18,35.44
-1.9502,37.303,197,79,1226,0.08,0.038,36.84,69.36,33.28
-1.9501,37.303,197,79,1226,0.053,0.005,38.34,69.27,34.43
-1.9499,37.303,196.51,79,1224,0.018,0.002,35.08,71.06,33.08
-1.9497,37.303,195.82,79,1224,0.007,0.016,37,70.73,35.29
-1.9496,37.303,195.13,79,1222,0.019,0.024,35.73,69.22,38.45
-1.9493,37.302,194.44,79,1219,0.073,0.006,35.68,66.01,34.82
-1.9491,37.302,194,79,1219,0.017,0.03,33.1,68.22,38.21
-1.9489,37.302,194,79,1223,0.038,0.004,38.17,68.62,33.88
-1.9486,37.302,194,79,1222,0.073,0.009,38.63,69.8,34.86
-1.9484,37.302,193.68,79,1226,0.015,0.006,35.87,66.88,35.51
-1.9483,37.301,193,79,1225,0.036,0.082,36.42,69.39,34.26
-1.9482,37.301,193,79,1229,0.05,0.028,38.96,68.42,37.61
-1.948,37.301,192.62,78.719,1230,0.048,0.053,35.42,66.32,34.45
-1.9478,37.301,191.93,77.708,1229,0.053,0.034,34.32,66.81,38.32
-1.9476,37.301,191.24,77,1227,0.021,0.086,38.2,68.34,34.78
-1.9474,37.301,190.55,77,1230,0.034,0.067,37.14,68.74,34.14
-1.9472,37.3,189.86,77,1231,0.064,0.08,34.03,67.99,37.35
-1.9471,37.3,189.17,77.337,1233,0.075,0.054,33.05,71.15,38.75
-1.947,37.3,189,78,1228,0.038,0.062,34.01,69.64,38.41
-1.9468,37.3,188.79,78.36,1232,0.024,0.035,34.24,67.18,37.21
-1.9466,37.3,188.1,79,1238,0.035,0.02,38.41,66.86,37.88
-1.9463,37.3,188,79.383,1237,0.024,0.011,37.26,70.61,38.2
-1.9461,37.299,188,80.394,1233,0.022,0.015,33.79,69.92,38.33
-1.946,37.299,188,81,1238,0.011,0.085,35.55,68.05,34.38
-1.9458,37.299,187.35,81.417,1233,0.013,0.003,36.97,66.34,36.76
-1.9456,37.299,186.66,82.428,1232,0.04,0.08,34.93,68.52,34.46
-1.9454,37.299,186,83,1231,0.007,0.047,36.59,68.76,35.66
-1.9452,37.299,186,82.549,1230,0.075,0.073,34.26,69.21,37.7
-1.945,37.298,185.59,82,1232,0.012,0.04,34.13,70.97,37.3
-1.9447,37.298,185,82,1228,0.012,0.031,34.25,72,34.47
-1.9446,37.298,185,82.485,1234,0.058,0.068,37.28,68.29,37.43
-1.9444,37.298,185,82.504,1231,0.054,0.032,34.51,67.14,38.45
-1.9441,37.298,184.83,82.508,1231,0.029,0.05,34.62,71.96,38.06
-1.9439,37.297,184.15,83,1233,0.007,0.08,35.89,70.08,38.83
-1.9437,37.297,183.46,83.531,1229,0,0.076,34.32,71.61,33.85
-1.9434,37.297,183,84,1234,0.03,0.022,35.13,69.82,38.15
-1.9433,37.297,183,84.553,1236,0.063,0.039,36.83,69.89,37.57
-1.9432,37.297,183,85,1236,0.036,0.075,37.5,68.29,37.56
-1.9431,37.297,183,85.576,1240,0.008,0.013,35.95,66.16,35.76
-1.943,37.296,183,86,1237,0.065,0.068,36.71,69.56,35.3
-1.9427,37.296,182.32,86,1234,0.053,0.079,34.91,70.39,33.64
-1.9425,37.296,182,86.61,1230,0.036,0.045,34.81,69.92,35.73
-1.9422,37.296,182,87,1235,0.043,0.051,33.85,66.37,33.88
-1.9421,37.296,182,87.633,1232,0.042,0.077,38.07,66.91,34.76
-1.942,37.295,181.56,88,1232,0.051,0.089,34.73,70.54,35.28
-1.9419,37.295,180.88,88,1231,0.052,0.071,38.46,68.97,38.55
-1.9416,37.295,180.19,88,1236,0.015,0.031,33.68,68.31,34.16
-1.9414,37.295,179.5,88.678,1237,0.064,0.045,36.68,67.73,36.93
-1.9412,37.295,178.81,88.31,1235,0.015,0.023,34.7,67.12,35.36
-1.9411,37.295,178.12,88,1241,0.033,0.046,36.05,71.69,34.16
-1.941,37.294,177.43,88,1243,0.019,0.007,36.23,68.39,33.19
-1.9408,37.294,177,88,1246,0.022,0.005,33.31,66.83,37.81
-1.9406,37.294,177,88,1245,0,0.057,35.62,69.25,34.88
-1.9405,37.294,176.36,88,1254,0.075,0.056,34.31,66.18,37.48
-1.9404,37.294,176,88,1256,0.042,0.007,38.51,69.29,36.54
-1.9403,37.294,175.98,88,1262,0.037,0.055,37.15,68.38,34.78
-1.9401,37.293,175.3,88,1267,0.042,0.049,33.69,70.57,37.9
-1.9399,37.293,174.61,88,1267,0.027,0.077,35.16,66.97,38.36
-1.9398,37.293,173.92,88,1270,0.026,0.058,34.83,68.81,36.54
-1.9396,37.293,173.23,88,1278,0.08,0.024,34.81,69.56,37.89
-1.9394,37.293,172.54,88,1280,0.038,0.009,36.37,66.51,36.33
-1.9393,37.292,171.85,88,1285,0.06,0.005,37.78,68.98,37.89
-1.9391,37.292,171.16,88.849,1293,0.054,0.056,35.82,70.66,33.23
-1.9389,37.292,169.94,88.14,1299,0.064,0.063,37.75,66.8,38.09
-1.9387,37.292,169,88.871,1298,0.022,0.025,35.51,70.2,33.68
-1.9386,37.292,169,89,1292,0.022,0.038,37.44,70.99,33.9
-1.9385,37.292,168.4,89,1247,0.058,0.033,35.14,69.08,37.37
-1.9383,37.291,167.71,89,1238,0.014,0.007,38.7,66.02,34.21
-1.9381,37.291,167.03,89,1194,0.067,0.006,37.5,68.14,37.43
-1.9379,37.291,166.34,89,1194,0.013,0.011,33.11,71.84,38.21
-1.9376,37.291,165.65,89,1196,0.077,0.061,37.53,66.86,34.25
-1.9374,37.29,165,89,1200,0.058,0.019,38.47,70.65,37.37
-1.9373,37.29,165,89,1204,0.01,0.021,35.09,68.16,36.68
-1.9372,37.29,165,89,1211,0.069,0,33.42,67.69,36.08
-1.9371,37.29,164.89,89,1216,0.075,0.066,38.13,69.26,38.76
-1.937,37.29,164.2,89,1218,0.045,0.051,33.56,68.44,34.1
-1.9369,37.29,163.51,89,1220,0.032,0.05,36.3,71.53,34.2
-1.9368,37.29,162.82,89,1221,0.035,0.067,38.5,68.14,36.96
-1.9365,37.289,162.13,89,1230,0.056,0.075,36.13,66.67,37.44
-1.9364,37.289,161.45,89,1233,0.021,0.035,33.31,67.53,35.24
-1.9363,37.289,161,89,1199,0.002,0.012,35.64,66.93,38.86
-1.936,37.289,161,89,1199,0.076,0.017,37.15,70.88,33.21
-1.9359,37.289,161,89,1201,0.08,0.065,34.57,69.78,34.97
-1.9358,37.288,161.31,89,1205,0.063,0.06,38.38,69.96,69.91
-1.9355,37.288,162,89,1210,0.08,0.005,35.76,69.99,66.23
-1.9354,37.288,162,89,1216,0.039,0.034,34.39,69.28,66.81
-1.9353,37.288,162,89,1220,0.01,0.044,34.17,67.71,67.43
-1.9352,37.288,162,89,1224,0.037,0.07,38.1,66.58,71.16
-1.9351,37.288,162,89,1227,0.86,0.013,37.45,70.99,71.49
-1.9349,37.287,162,89,1233,0.854,0.044,36.97,67.89,66.04
-1.9347,37.287,162,89,1234,0.87,0.006,33.64,69.59,67.47
-1.9346,37.287,162,89,1241,0.861,0.071,38.02,68.81,69.66
-1.9345,37.287,162,89,1238,0.849,0.035,35.73,69.95,71.91
-1.9344,37.287,162,89,1246,0.822,0.021,36.91,67.56,71.88
-1.9341,37.287,162,89,1248,0.827,0.007,38.43,67.71,69.72
-1.9339,37.286,161.42,89,1254,0.867,0.007,33.66,70.15,71.69
-1.9337,37.286,161,89,1260,0.831,0.084,36.62,71.85,68.24
-1.9335,37.286,161,89,1259,0.806,0.018,33.09,67.69,67.36
-1.9333,37.286,161.65,89.258,1264,0.87,0.087,33.54,71.13,69.41
-1.933,37.285,162,90,1268,0.835,0.03,71.44,71.41,69.36
-1.9328,37.285,161.97,90,1272,0.813,0.087,69.29,71.03,67.68
-1.9326,37.285,161.28,90,1279,0.8,0.031,69.87,70.52,71.24
-1.9324,37.285,160.59,90.303,1282,0.852,0.005,67.41,67.55,71.08
-1.9322,37.285,160,91,1286,0.829,0.055,69.72,71.69,69.89
-1.932,37.285,160,91,1283,0.83,0.05,66.47,71.09,70.34
-1.9319,37.284,160,91.337,1291,0.835,0.082,69.88,71.06,67.6
-1.9317,37.284,159.84,92,1296,0.841,0.018,67.05,70.67,66.73
-1.9314,37.284,159.15,92,1292,0.824,0.071,69.71,68.84,66.9
-1.9312,37.284,159,92,1298,0.838,0.031,71.83,71.11,70.01
-1.9311,37.284,159,92.383,1301,0.8,0.088,70.02,71.58,68.02
-1.9309,37.284,159,93,1300,0.813,0.076,67.99,66.14,69.71
-1.9306,37.284,158.39,93,1305,0.824,0.064,68.75,70.38,70.65
-1.9303,37.284,158,93.417,1306,0.86,0.019,66.14,68.8,70.4
-1.93,37.283,158,93.143,1308,0.847,-0.499,69.14,69.55,70.42
-1.9298,37.283,158,91.121,1308,0.056,-0.481,71.94,71.91,66.36
-1.9297,37.283,158,89.098,1304,0.065,-0.452,70.34,71.09,67.36
-1.9295,37.283,158,87.075,1302,0.069,-0.491,68.38,71.86,68.8
-1.9291,37.283,158,86,1296,0.009,-0.423,69.55,68.07,71.4
-1.9288,37.283,158,86,1272,0.053,-0.418,69.44,67.66,69.27
-1.9284,37.283,158,86.497,1661,0.06,-0.47,69.05,67.9,66.34
-1.9283,37.283,158,87,1634,0.056,-0.458,66.87,68.02,70.77
-1.9281,37.283,158,87,1618,0.049,-0.5,67.74,69.29,70.65
-1.9279,37.283,157.81,87,1590,0.003,-0.472,69.01,67.71,69.05
-1.9275,37.283,157.12,87.542,1603,0.015,-0.456,66.85,71.5,66.15
-1.9271,37.283,157,88,1583,0.026,-0.477,68.44,70.03,71.86
-1.9268,37.283,157,88.565,1586,0.052,-0.438,69.56,70.72,67.45
-1.9264,37.282,157,89,1585,0.017,-0.418,70.86,67.09,71.41
-1.9262,37.282,156.37,89,1582,0.006,-0.449,68.82,66.84,68.69
-1.9259,37.282,156,87.204,1581,0.079,-0.476,70.05,66.33,66.37
-1.9256,37.282,156,86,1576,0.016,-0.416,70.55,69.71,66.59
-1.9252,37.282,156,86.622,1585,0.079,-0.495,67.09,69.54,68.21
-1.9249,37.282,156,87,1586,0.049,0.056,69.72,68.25,69.08
-1.9247,37.282,156,87,1582,0.52,0.086,70.62,66.13,68.28
-1.9244,37.282,156,87.656,1583,0.541,0.046,68.53,66.95,66.01
-1.924,37.282,156,88,1584,0.557,0.087,68.63,69.04,70.31
-1.9236,37.282,155.85,88,1587,0.521,0.024,68.93,70.73,68.07
-1.9233,37.282,155.16,88,1582,0.509,0.047,67.3,70.57,69.94
-1.923,37.282,155,88.701,1575,0.544,0.082,71,71.61,67.01
-1.9228,37.282,155,89,1583,0.517,0.019,69.01,70.77,69.73
-1.9224,37.282,155,89,1582,0.525,0.075,66.61,68.73,68.55
-1.9222,37.281,154.41,89.735,1589,0.578,0.012,68.18,68.06,70.06
-1.9219,37.281,154,90,1581,0.525,0.039,70.93,66.79,67.07
-1.9216,37.281,154,90,1578,0.576,0.079,66.73,69.37,71.33
-1.9212,37.281,154,90,1574,0.533,0.064,69.9,67.24,66.96
-1.9209,37.281,153.65,90.781,1577,0.5,0.045,70.42,66.7,66.58
-1.9205,37.281,153,91,1575,0.525,0.055,70.27,70.61,70.57
-1.9203,37.281,153,91,1567,0.512,0.007,66.63,68.74,71.37
-1.92,37.281,152.58,91,1570,0.58,0.021,71.76,70.36,67.48
-1.9197,37.281,152,91.826,1565,0.536,0.002,68.54,66.64,69.58
-1.9193,37.281,152,92,1560,0.544,0.077,69.36,68.63,66.46
-1.9191,37.281,152,92,1558,0.521,0.001,66.59,69.34,67.6
-1.9188,37.281,151.83,92,1554,0.571,0.05,68.9,71.14,71.08
-1.9185,37.281,151.14,92,1551,0.508,0.01,66.92,71.48,70.11
-1.9182,37.281,151,92.883,1547,0.566,0.053,67.85,68.11,68.92
-1.918,37.281,150.76,93,1546,0.534,0.056,66.78,68.23,68.14
-1.9176,37.28,150.07,93,1542,0.574,0.067,68.06,66.61,67.28
-1.9173,37.28,150,93,1539,0.542,0.028,69.98,69.95,67.37
-1.917,37.28,150,93.928,1537,0.57,0.083,69.1,67.31,70.59
-1.9168,37.28,150,94,1537,0.528,0.071,70.78,71.2,68.38
-1.9166,37.28,149.31,94,1532,0.532,0.009,69.46,68.36,70.94
-1.9163,37.28,148.62,94,1528,0.548,0.025,66.4,68.72,69.15
-1.916,37.28,147.94,94,1525,0.573,0.082,67.49,67.09,66.61
-1.9156,37.28,147.25,94,1525,0.51,0.01,71.46,66.4,66.29
-1.9152,37.28,146.12,94,1522,0.003,0.071,71.34,70.71,71.64
-1.9149,37.28,144.87,94,1522,0.032,0.009,71.94,70.81,69.69
-1.9145,37.28,144.18,93.981,1526,0.048,0.069,67.94,68.78,71.96
-1.9143,37.28,143.49,93,1530,0.074,0.06,71.93,71.12,68.86
-1.9141,37.279,142.8,92.958,1535,0.023,0.07,69.68,69.76,71.9
-1.9137,37.279,142.11,91.893,1542,0.044,0.084,69.91,67.08,69.43
-1.9134,37.279,140.85,89.935,1546,0.063,0.016,69.61,66.18,67.39
-1.9131,37.279,140,88.924,1325,0.026,0.001,70.79,66.77,66.7
-1.9129,37.279,140,88,1183,0.007,0.075,69.66,67.89,66.78
-1.9128,37.279,139.36,88,1190,0.035,0.043,68.26,70.39,70.45
-1.9126,37.279,139,88,1194,0.002,0.009,67.04,70.64,66.83
-1.9124,37.279,139,88,1203,0.054,0.008,66.36,66.89,67.12
-1.9123,37.279,139,88,1216,0.009,0.01,66.91,70.78,68.38
-1.912,37.279,138.6,88,1221,0.016,0.015,68.3,66.99,68.01
-1.9117,37.278,138,88,1226,0.042,0.088,66.07,70.3,68.75
-1.9114,37.278,138,88,1230,0.05,0.026,71.8,66.47,66.61
-1.911,37.278,138.47,88,1231,0.03,0.054,67.91,68.36,67.02
-1.9108,37.278,139,88,1232,0.049,0.077,71.74,70.9,69.85
-1.9106,37.278,139,88,1228,0.068,0.022,66.17,69.18,70.73
-1.9103,37.278,139,88,1226,0.056,0.066,68.38,71.69,68.23
-1.91,37.278,139.23,88,1229,0.031,0.036,67.66,67.9,67.84
-1.9097,37.277,139.91,88,1231,0.046,0.028,68.17,69.47,71.39
-1.9096,37.277,140.6,88,1234,0.02,0.059,70.69,67.14,70.35
-1.9094,37.277,141.29,88,1229,0.058,0.035,68.67,68.35,68.44
-1.9091,37.277,141.98,88,1229,0.027,0.01,66.34,72,67.12
-1.9089,37.277,143.34,88,1228,0.006,0.089,66.28,68.06,66.31
-1.9087,37.277,144.36,88,1228,0.024,0.047,69.19,71.46,71.67
-1.9085,37.276,145.1,88,1228,0.024,0.046,70.6,70.19,68.52
-1.9083,37.276,146.48,88,1230,0.001,-0.371,69.69,66.17,69.58
-1.908,37.276,147.43,88,1230,0.014,-0.383,71.6,68.89,69.08
-1.9078,37.276,148.35,88,1232,0.069,-0.322,70.69,70.06,71.38
-1.9076,37.276,150.42,88,1228,0.053,-0.376,70.53,68.41,67.11
-1.9074,37.275,151.49,87.64,1225,0.069,-0.351,67.96,66.92,66.56
-1.9073,37.275,152.18,87,1228,0.021,-0.35,69.13,69.37,66.33
-1.9072,37.275,152.87,87,1227,0.072,-0.313,69.87,71.7,66.28
-1.907,37.275,154.69,87,1226,0.016,-0.376,69.07,71.76,70.1
-1.9068,37.275,156.25,86.594,1230,0.078,-0.376,69.97,71.94,68.85
-1.9066,37.274,156.94,86,1231,0.033,-0.372,67.39,71.02,71.57
-1.9064,37.274,157.63,86,1228,0.018,-0.35,71.9,69.93,68.47
-1.9062,37.274,158.32,86,1228,0.066,-0.366,66.51,71.22,71.22
-1.906,37.274,159.01,86,1229,0.029,-0.378,68.48,71.19,70.26
-1.9058,37.273,159.7,86,1228,0.04,-0.339,71.92,70.57,71.66
-1.9057,37.273,160,86,1228,0.06,-0.377,68.91,66.99,68.88
-1.9056,37.273,160.08,85.515,1230,0.067,-0.313,69.67,66.47,68.61
-1.9056,37.273,160.76,85,1231,0.031,-0.355,66.06,69.05,69.07
-1.9054,37.273,161.45,85,1228,0.007,-0.362,70.61,66.55,69.15
-1.9053,37.273,162,85,1229,0.021,-0.349,70.45,68.63,68.81
-1.9052,37.272,162,85,1233,0.064,-0.345,67.3,67.87,71.76
-1.905,37.272,162,85,1230,0.075,-0.327,68.38,68.27,71.14
-1.9049,37.272,162,85,1228,0.046,-0.32,67.57,71.98,67.83
-1.9049,37.272,162,85,1227,0.075,0.014,66.47,71.22,70.32
-1.9048,37.272,162,85,1228,0.048,0.008,67.32,71.69,71.13
-1.9047,37.271,162,85,1231,0.08,0.028,68.91,67.52,67.84
-1.9047,37.271,162,85,1232,0.061,0.055,69.09,66.29,66.94
-1.9046,37.271,162,85.61,1230,0.015,0.034,71.04,70.99,66.46
-1.9046,37.271,162,86,1231,0.041,0.084,68.48,70.13,70.49
-1.9045,37.271,161.97,85.367,1231,0.051,0.005,68.41,69.58,69.21
-1.9044,37.271,161.28,85,1231,0.07,0.09,71.72,67.29,68.72
-1.9044,37.27,161,85.656,1228,0.048,0.06,68.01,69.21,70.76
-1.9043,37.27,160.9,86,1229,0.08,0.056,66.8,66.33,67.31
-1.9042,37.27,160.21,86.678,1233,0.01,0.013,70.17,68.59,67.84
-1.9042,37.27,159.52,87.69,1229,0.023,0.002,71.54,67.14,70.39
-1.9041,37.269,158.66,88,1230,0.038,0.052,68.93,67.96,68.76
-1.9041,37.269,157.28,88.713,1234,0.01,0.002,69.03,71.63,68.43
-1.904,37.269,156.45,89,1230,0.018,0.064,66.02,71.09,67.51
-1.904,37.269,155.76,89,1226,0.014,0.019,67.13,67.54,69.49
-1.9039,37.268,155.07,89,1230,0.054,0.023,70.68,68.26,70.85
-1.9039,37.268,155,88.242,1229,0.026,0.087,69.67,70.4,66.3
-1.9038,37.268,154.7,88,1230,0.064,0.016,70.76,70.7,66.89
-1.9038,37.268,154.01,88,1230,0.044,0.072,71.03,66.06,68.95
-1.9038,37.267,153.32,88.792,1229,0.018,0.003,70.13,67.33,71.35
-1.9038,37.267,152.63,89,1232,0.055,0.028,66.48,66.4,67.88
-1.9037,37.267,151.94,89,1229,0.003,0.088,70.84,70.24,67.69
-1.9037,37.267,151.25,89,1229,0.046,0.024,66.81,71.26,66.38
-1.9037,37.266,150.56,88.162,1229,0.08,0.011,69.42,67.66,66.36
-1.9036,37.266,149.87,88,1229,0.029,0.055,69.45,70.16,69.48
-1.9036,37.266,149.18,88.86,1227,0.045,0.058,66.09,66.83,71.03
-1.9036,37.265,148.49,89,1228,0.075,0.079,71.61,68.25,68.08
-1.9035,37.265,148,89,1232,0.021,0.081,69.69,71.02,68.09
-1.9035,37.265,148,89,1228,0.067,0.004,70.01,70.18,66.24
-1.9034,37.265,147.43,89,1229,0.014,0.069,68.53,70.17,68.35
-1.9034,37.264,147,88.083,1228,0.071,0.078,70.22,71.12,71.2
-1.9034,37.264,147,88,1230,0.022,0.043,68.82,67.77,66.15
-1.9034,37.264,146.36,88,1229,0.068,0.006,68.45,69.91,67.02
-1.9033,37.264,145.34,88,1229,0.065,0.008,71.94,67.79,70.99
-1.9033,37.263,144,88,1235,0.015,0.018,68.91,71.67,66.07
-1.9032,37.263,144,88.974,1231,0.079,0.07,66.7,70.69,68.8
-1.9032,37.263,143.6,89,1234,0.02,0.037,71.15,70.95,70.99
-1.9031,37.263,142.91,88.003,1231,0.063,0.075,102.05,70.42,71.41
-1.9031,37.262,142.22,88,1227,0.065,0.013,101.9,70.76,69.04
-1.903,37.262,142,88.019,1228,0.04,0.066,102.26,68.43,71.04
-1.903,37.262,141.85,88.969,1232,0.074,0.013,105.22,66.78,69.41
-1.9029,37.262,141.16,88,1229,0.008,0.076,103.19,66.95,70.65
-1.9029,37.262,140.47,88.053,1232,0.011,0.049,100.15,70.9,67.87
-1.9028,37.261,139.78,89,1230,0.069,0.087,101.49,66.18,66.64
-1.9028,37.261,139.09,89,1228,0.001,0.006,104.34,69.26,70.17
-1.9027,37.261,139,88.912,1231,0.058,0.084,102.59,70.94,70.45
-1.9027,37.261,138.71,88.099,1231,0.066,0.032,101.57,71.69,68.38
-1.9026,37.26,138.02,89,1231,0.009,0.006,101.13,68.76,68.08
-1.9025,37.26,137.33,89,1226,0.039,0.087,101.28,66.41,66.32
-1.9025,37.26,135.93,88.867,1230,0.028,0.059,102.97,69.13,68.25
-1.9024,37.26,134,88.144,1227,0.062,0.038,100.19,67.17,68.2
-1.9024,37.259,134,89,1231,0.023,0.054,102.23,67.79,67.7
-1.9023,37.259,134,88.833,1230,0.066,0.031,102.14,71.86,71.49
-1.9023,37.259,133.89,88.178,1231,0.014,0.019,101.65,66.99,69.96
-1.9022,37.259,133.2,88.81,1234,0.069,0.003,101.58,70.67,68.55
-1.9021,37.259,133.49,88.201,1232,0.075,0.013,104.47,68.05,69.75
-1.9021,37.258,133.82,88.787,1228,0.015,0.033,100.79,68.84,69.6
-1.9021,37.258,133.13,88,1247,0.004,0.079,104.82,66.6,71.89
-1.902,37.258,133,88.235,1227,0.044,0.04,101.82,66.36,70.59
-1.902,37.258,133,89,1229,0,0.058,102.06,71.17,70.32
-1.9019,37.258,133,89,1228,0.067,0.035,103.96,66.42,71.29
-1.9018,37.258,132.37,89,1227,0.073,0.076,100.23,71.3,66.06
-1.9018,37.257,132,89,1231,0.057,0.069,104.64,68.36,69.43
-1.9017,37.257,132,89,1232,0.019,0.011,104.14,68.64,71.83
-1.9016,37.257,132,89,1231,0.047,0.008,105.57,68.1,69.2
-1.9015,37.257,132,89,1230,0.076,0.06,100.37,66.19,66.37
-1.9014,37.256,132,89,1231,0.072,0.034,104.13,70.36,103.39
-1.9014,37.256,132,89,1232,0.049,0.009,104.36,68.12,101.37
-1.9013,37.256,132,88.651,1231,0.064,0.056,105.08,69.85,102.64
-1.9012,37.256,131.86,88,1231,0.067,0.056,103.32,70.63,100.59
-1.9012,37.256,131.17,88,1229,0.045,0.082,105.06,70.06,100.76
-1.9011,37.256,130.48,88.383,1227,0,0.055,100.29,68.92,104.81
-1.9011,37.255,130,89,1229,0.02,0.044,104.56,70.88,101.53
-1.901,37.255,130,89,1230,0.034,0.052,104.06,66.45,103
-1.9009,37.255,130,88.583,1229,0.034,0.089,105.25,66.17,103.14
-1.9008,37.255,130,88.428,1228,0.07,0.047,101.98,68.6,100.11
-1.9008,37.255,130,89,1228,0.005,0.031,103.11,66.86,105.27
-1.9007,37.254,129.35,89,1228,0.027,0.089,102.72,70.85,102.76
-1.9005,37.254,128.66,89,1229,0.014,0.09,101.07,66.01,105.88
-1.9004,37.254,128,89,1229,0.019,0.081,105.09,66.57,103.42
-1.9004,37.254,128,89,1231,0.058,0.067,100.27,68.53,105.25
-1.9003,37.253,128,89,1230,0.023,0.06,103.14,67.41,101.45
-1.9002,37.253,128,89,1228,0.019,0.066,101.39,71.74,100.7
-1.9001,37.253,128,88.481,1229,0.011,0.039,105.42,68.23,100.9
-1.9,37.253,127.52,88.531,1231,0.017,0.036,103.25,68.95,100.35
-1.8999,37.253,126.83,89,1229,0.066,0.019,100.59,67.6,101.2
-1.8998,37.252,126.15,89,1230,0.03,0.08,105.15,69.46,105.21
-1.8997,37.252,126,89,1230,0.053,0.085,100.25,69.12,104.63
-1.8996,37.252,126,89,1231,0.075,0.086,100.85,71.88,105.6
-1.8995,37.252,126,89,1230,0.034,0.009,101.3,69.97,100.48
-1.8994,37.251,125.39,89,1230,0.049,0.005,104.67,71.08,100.42
-1.8993,37.251,124.7,89,1230,0.078,0.014,102.14,100.52,105.87
-1.8992,37.251,124.01,89,1230,0.029,0.048,100.15,102.54,103.13
-1.8992,37.251,124,89,1229,0.053,0.006,105.01,100.24,104.73
-1.8991,37.251,124,89,1231,0.025,0,102.18,103.61,101.86
-1.8991,37.251,123.94,89,1231,0.071,0.008,104.73,104.39,100.71
-1.899,37.25,123.25,88.333,1230,0.023,0.055,105.28,104.1,102.91
-1.8989,37.25,123,88.678,1233,0.023,0.005,104.06,100.36,102.49
-1.8988,37.25,122.88,89,1230,0.073,0.059,103.27,104.06,105.5
-1.8987,37.25,122.19,89,1229,0.039,0.052,105.4,101.84,100.95
-1.8986,37.249,122,88.287,1237,0.016,0.006,100.59,102.09,101.22
-1.8985,37.249,122,88.724,1235,0.002,0.021,100.54,104.36,100.9
-1.8984,37.249,122,89,1236,0.013,0.031,100.2,100.64,105.75
-1.8983,37.249,121.43,89,1228,0.024,0.011,101.94,101.51,104.49
-1.8983,37.249,121,89,1245,0.077,0.067,100.99,102.63,101.24
-1.8982,37.248,121,89,1221,0.063,0.04,105.99,103.52,104
-1.8981,37.248,121,89,1221,0.054,0.001,102.49,101.84,101.31
-1.898,37.248,121,88.208,1224,0.068,0.062,104.53,102.61,102.7
-1.8979,37.248,120.98,88,1230,0.034,0.08,104.16,101.86,105.65
-1.8978,37.247,120.3,88,1228,0.057,0.012,104.63,105.5,103.49
-1.8977,37.247,120,88.826,1229,0.038,0.073,105.48,103.95,100.88
-1.8977,37.247,120,88.162,1232,0.066,0.023,101.86,101.06,103.78
-1.8976,37.247,120,88.849,1228,0.035,0.002,101.23,103.87,101.1
-1.8975,37.247,119.54,89,1230,0.069,0.048,100.43,100.21,100.49
-1.8974,37.246,118.85,89,1230,0,0.085,103.52,104.7,101.28
-1.8973,37.246,118.16,89,1228,0.08,0.07,103.26,100.01,103.16
-1.8972,37.246,117.47,89,1230,0.022,0.036,103.87,102.31,104
-1.8972,37.246,116.78,89,1227,0.002,0.065,103.59,104.04,102.75
-1.8971,37.246,116.09,89,1231,0.012,0.043,102.7,100.23,101.29
-1.897,37.246,114.81,89,1228,0.038,0.04,100.97,102.61,101.32
-1.8969,37.245,113.72,89,1230,0.071,0.085,104.59,101.04,105.34
-1.8968,37.245,113.03,89,1228,0.022,0.052,105.9,103.5,101.81
-1.8967,37.245,111.67,89,1229,0.063,0.071,100.86,101.14,101.5
-1.8966,37.244,110.65,89,1230,0.013,0.065,104.97,102.3,105.38
-1.8964,37.244,109.96,88.015,1228,0.059,0.012,105.29,105.3,100.71
-1.8964,37.244,109.27,88.997,1231,0.019,0.063,100.42,100.01,103.99
-1.8963,37.244,108.58,88,1239,0.006,0.035,102.87,104.08,101.96
-1.8962,37.244,107.89,88,1235,0.069,0.011,104.43,101.69,101.95
-1.8961,37.243,107.2,88,1210,0.055,0.058,104.4,104.93,104.96
-1.896,37.243,106.03,88.042,1230,0.077,0.045,104.9,101.76,103.3
-1.8959,37.243,105,88.946,1230,0.079,0.005,103.2,102.34,103.87
-1.8959,37.243,105,88.065,1230,0.043,0.047,103.37,105.71,105.07
-1.8958,37.242,103.89,89,1229,0.073,0.028,102.08,105.01,103.57
-1.8957,37.242,102.51,88.912,1228,0.038,0.077,103.31,105.35,101.98
-1.8955,37.242,101.13,88,1230,0.072,0,100.12,105.6,101.27
-1.8954,37.242,99.756,88.11,1230,0.001,0.018,104.42,100.77,103.76
-1.8953,37.241,99,89,1229,0.01,0.08,105.01,102.09,101.58
-1.8953,37.241,99,89,1232,0.059,0.019,105.02,104.28,105.86
-1.8952,37.241,98.311,89,1230,0.031,0.028,100.19,103.75,100.96
-1.8951,37.241,97.622,89,1227,0.031,0.031,105.48,105.01,104.77
-1.895,37.241,96.865,89,1230,0.048,0.072,100.57,101.32,105.55
-1.8949,37.24,95.487,89,1232,0.001,0.051,105.11,101.91,102.8
-1.8948,37.24,95,88.81,1230,0.031,0.074,103.13,101.31,103.68
-1.8947,37.24,94.865,88.201,1230,0.004,0.007,100.09,100.16,102.46
-1.8947,37.24,94.176,89,1229,0.055,0.017,100.77,104.08,105.82
-1.8946,37.24,93.487,89,1230,0.042,0.057,103.56,101.71,103.92
-1.8946,37.239,93,89,1231,0.006,0.005,104.33,100.18,104.63
-1.8945,37.239,93,89,1230,0.032,0.067,100.22,101.7,102.49
-1.8944,37.239,91.839,89,1227,0.034,0.054,101.05,100.68,100.89
-1.8943,37.239,91,88.731,1231,0.053,0.072,101.39,100.43,102.97
-1.8943,37.238,91,88.281,1229,0.017,0.014,104.29,103.49,105.1
-1.8942,37.238,89.704,89,1227,0.006,0.067,104.63,100.06,104.07
-1.8941,37.238,88.663,89,1230,0.037,0.068,103.54,105.06,102.68
-1.8941,37.238,88,88.685,1229,0.059,0.08,105.24,100.39,102.98
-1.894,37.237,88,88.326,1227,0.049,0.039,102.72,102.9,100.93
-1.894,37.237,88,89,1227,0.072,0.017,105.91,100.97,104.19
-1.894,37.237,87.719,89,1228,0.02,0.027,101.56,102.53,101.23
-1.894,37.237,85.651,89,1230,0.017,0.029,104.15,105.18,104.07
-1.894,37.236,84.528,88.628,1231,0.019,0.04,103.58,103.94,100.74
-1.894,37.236,83.839,88.383,1229,0.065,0.032,101.67,105.78,103.57
-1.894,37.236,83.15,89,1228,0.056,0.056,101.67,102.37,104.64
-1.894,37.236,81.921,89,1231,0.071,0.085,104.1,102.47,103.48
-1.894,37.235,81,89,1232,0.057,0.026,104.87,104.68,104.11
-1.894,37.235,81,89,1232,0.053,0.022,100.45,105.42,102.56
-1.894,37.235,80.393,89,1230,0.035,0.083,102.21,104.02,101.66
-1.8941,37.235,80,89,1229,0.045,0.084,104.84,101.02,105.87
-1.8941,37.234,80,88.537,1228,0.08,0.028,105.75,101.92,105.79
-1.8941,37.234,78.652,88,1229,0.077,0.006,105.97,101.62,104.37
-1.8942,37.234,77.637,88,1228,0.027,0.071,102.55,101.38,104.35
-1.8942,37.234,76.947,88.497,1228,0.012,0.011,102.6,104.22,103.87
-1.8943,37.234,76.258,88.492,1236,0.033,0.041,102.03,101.85,100.51
-1.8943,37.233,75.569,88,1227,0.044,0.04,102.73,105.85,103.17
-1.8944,37.233,74.88,88.531,1228,0.002,0.055,104.62,105.18,105.11
-1.8945,37.233,74.191,88.458,1233,0.07,0.011,104.54,103.72,101.26
-1.8946,37.233,73.502,88,1226,0.072,0.054,105.96,105.28,104.96
-1.8947,37.232,73,88,1226,0.04,0.012,101.22,101.84,101.24
-1.8948,37.232,73,88,1228,0.016,0.01,102.25,103.76,102.85
-1.8949,37.232,72.434,88.588,1228,0.058,0.04,104.25,103.81,101.8
-1.8949,37.232,72,88.401,1231,0.056,0.024,100.98,101.81,102.07
-1.895,37.232,72,88,1230,0.037,0.085,101.94,103.5,105.57
-1.8951,37.231,71.367,88.622,1226,0.013,0.047,104.86,100.64,100.18
-1.8952,37.231,71,89,1246,0.064,0.04,101.31,104.79,104.32
-1.8952,37.231,71,89,1242,0.071,0.028,101.97,105.25,102.26
-1.8953,37.231,71,88.344,1231,0.011,0.042,102.77,103.89,103.53
-1.8953,37.231,70.61,88.667,1229,0.076,0.07,102.11,100.33,101.98
-1.8954,37.23,70,89,1227,0,0.015,100.44,105.64,105.19
-1.8955,37.23,70,89,1229,0.035,0.002,103.03,100.34,105.13
-1.8956,37.23,70,89,1230,0,0.064,101.64,101.49,103.29
-1.8956,37.23,70,89,1229,0.018,0.055,103.41,102.25,100.26
-1.8957,37.23,70,89,1231,0.057,0.037,100.16,102.48,103.2
-1.8958,37.229,69.476,88.265,1229,0.056,0.083,103.68,100.99,104.95
-1.8959,37.229,69,88.747,1230,0.021,0.043,102.54,105.66,103.4
-1.896,37.229,69,89,1227,0.026,0.083,103.87,100.76,101.31
-1.896,37.229,69,89,1230,0.007,0.045,101.83,104.53,101.94
-1.8961,37.228,69,89,1229,0.003,0.084,101.74,103.84,100.39
-1.8961,37.228,69,89,1230,0.061,0.064,102.58,101.84,102.24
-1.8962,37.228,69,88.196,1231,0.026,0.063,103.3,100.69,101.55
-1.8962,37.228,68.652,88.815,1230,0.042,0,100.73,105.74,101.56
-1.8962,37.228,68,89,1229,0.077,0.049,100.78,104.95,102.83
-1.8963,37.227,68,89,1217,0.054,0.037,101.37,100.91,100.56
-1.8963,37.227,67.584,89,1229,0.038,0.057,100.64,102.36,100.37
-1.8964,37.227,67.105,88.14,1231,0.052,0.049,100.55,102.78,104.9
-1.8964,37.227,67.794,88,1229,0.053,0.019,101.13,104.43,100.41
-1.8964,37.226,68,88.883,1229,0.018,0.05,104.1,105.26,101.78
-1.8965,37.226,68,89,1230,0.065,0.078,103.25,105.85,104.73
-1.8965,37.226,68,89,1229,0.04,0,103.13,104.35,102.74
-1.8965,37.226,68,88.083,1230,0.035,0.011,105.66,103.74,105.47
-1.8965,37.225,68,88.929,1227,0.057,0.07,103.83,105.06,103.3
-1.8966,37.225,68,88.06,1228,0.044,0.001,104.31,102.27,102.57
-1.8966,37.225,68,88.951,1229,0.02,0.012,102.55,105.4,102.39
-1.8966,37.225,68,89,1228,0.006,0.029,101.49,104.74,100.38
-1.8966,37.225,68,89,1228,0.047,0.082,105.62,105.46,104.3
-1.8966,37.224,68,89,1231,0.054,0.055,104.82,102.53,104.32
-1.8966,37.224,68,89,1246,0.047,0.001,104.57,100.42,104.45
-1.8966,37.224,68.064,89,1228,0.043,0.028,100.37,105.45,104.14
-1.8966,37.224,68.753,88.981,1226,0.038,0.017,105.44,103.68,101.56
-1.8965,37.224,69,88,1228,0.026,0.025,103.94,104.5,100.05
-1.8965,37.223,69.131,88.042,1228,0.034,0.002,105.69,103.48,102.1
-1.8965,37.223,69.82,88.946,1227,0.061,0.075,103.27,105.97,105.38
-1.8965,37.223,70.509,88.065,1230,0.08,0.069,101.83,100.99,104.46
-1.8964,37.223,70.802,89,1228,0.021,0.065,100.53,104.26,101.76
-1.8964,37.222,70.112,88.912,1230,0.064,0.074,102.53,101,101.1
-1.8964,37.222,70.577,88,1230,0.01,0.069,102.2,100.47,100.97
-1.8964,37.222,71,88,1229,0.002,0.01,105.12,103.81,100.45
-1.8964,37.222,71,88,1231,0.036,0.034,105.91,103.31,102.62
-1.8963,37.222,71,88,1230,0.045,0.002,100.32,104.64,101.63
-1.8963,37.222,71,88.144,1227,0.018,0,102.14,100.32,101.42
-1.8963,37.222,71.045,88.844,1230,0.011,0,106,100.28,100.88
-1.8963,37.221,72.423,88.167,1229,0.054,0.015,102.49,103.5,102.82
-1.8962,37.221,73,89,1224,0.028,0.013,102.28,104.57,104.37
-1.8962,37.221,73,88.81,1228,0.041,0.046,100.62,101.11,102.35
-1.8962,37.221,73,88.201,1229,0.056,0.038,103.54,103.22,100.93
-1.8962,37.22,73,89,1229,0.048,0.054,100.87,103.44,100.85
-1.8961,37.22,73.157,89,1228,0.04,0.025,102.26,103.63,105.43
-1.8961,37.22,73.846,88.765,1229,0.062,0.053,105.62,100.24,102.11
-1.8961,37.22,74,88,1232,0.055,0.053,104.2,101.62,100.95
-1.896,37.219,74,88.258,1225,0.025,0.011,101.46,101.07,105.23
-1.896,37.219,74,88.731,1231,0.067,0.007,104.46,103.17,104.83
-1.896,37.219,74,88.281,1230,0.053,0.002,101.96,104.41,104.41
-1.896,37.219,74.292,89,1228,0.047,0.015,102.22,105.51,102.95
-1.8959,37.218,74.981,89,1230,0.001,0.047,102.96,100.18,102.41
-1.8959,37.218,75.67,89,1230,0.067,0.076,101.2,104.95,105.18
-1.8959,37.218,76.359,88.674,1228,0.009,0.027,101.72,105.09,101.08
-1.8959,37.218,77.049,88,1226,0.068,0.017,101.75,102.82,105.56
-1.8959,37.217,77.738,88,1229,0.027,0.005,102.58,102.22,104.94
-1.8959,37.217,78.427,88.36,1229,0.034,0.086,102.87,100.45,104.12
-1.8959,37.217,79.116,89,1227,0.064,0.022,105.6,101.02,102.81
-1.8959,37.217,79.805,89,1231,0.011,0.056,105.02,104.03,105.33
-1.896,37.216,80.494,89,1228,0.049,0.018,101.74,103.54,105.9
-1.896,37.216,81.183,89,1235,0.075,0.021,105.75,104.01,100.19
-1.896,37.216,81.873,89,1227,0.051,0.067,104.34,102.7,104.95
-1.896,37.215,82.562,89,1230,0.003,0.014,105.19,104.75,103.96
-1.8961,37.215,83.251,89,1230,0.056,0.074,103.14,102.73,102.69
-1.8961,37.215,83.94,89,1232,0.02,0.008,100.31,105.37,103.44
-1.8962,37.215,85.258,89,1228,0.055,0.089,105.76,100.43,104.79
-1.8963,37.214,86.318,88.526,1225,0.029,0.059,104.03,103.81,103.8
-1.8963,37.214,87.015,88.485,1229,0.043,0.025,100.39,104.85,104.74
-1.8964,37.214,88.393,89,1231,0.017,0.078,105.88,101.92,100.35
-1.8964,37.214,89,88.492,1233,0.073,0.002,101.77,103.22,102.34
-1.8965,37.213,89.15,88.52,1233,0.03,0.069,105.7,105.2,102.52
-1.8966,37.213,90.528,88.469,1231,0.006,0.081,101.04,103.21,103.99
-1.8966,37.213,91.453,88.542,1234,0.002,0.056,100,104.76,103.81
-1.8967,37.213,92.142,88.446,1226,0.05,0.065,105.27,103.52,105.32
-1.8968,37.212,92.831,88.565,1228,0.075,0.042,105.11,105.29,103.67
-1.8969,37.212,93.521,89,1228,0.025,0.069,102.02,102.66,103.69
-1.8971,37.212,94.419,88.412,1228,0.06,0,100.59,100.55,105.27
-1.8972,37.212,95.798,88,1226,0.023,0.017,103.77,105.58,104.6
-1.8973,37.211,97.176,88,1227,0.01,0.008,102.4,102.51,104.5
-1.8974,37.211,98,88,1231,0.041,0.015,105.57,103.16,100.69
-1.8975,37.211,98,88.633,1228,0.031,0.085,105.29,104.15,101.22
-1.8976,37.211,98.655,88.355,1232,0.079,0.077,103.72,100.32,100.69
-1.8978,37.21,99.344,88.656,1229,0.023,0.012,105.37,102.04,105.05
-1.898,37.21,100.03,89,1231,0.047,0.06,101.25,104.76,102.29
-1.8981,37.21,100.72,88.321,1231,0.046,0.003,101.55,100.03,102.72
-1.8983,37.21,101.41,88.69,1229,0.049,0.013,100.02,100.32,100.44
-1.8985,37.209,102.1,89,1230,0.045,0.016,100.54,101.64,100.15
-1.8986,37.209,102.79,89,1233,0.022,0.058,103.58,102.14,105.77
-1.8988,37.209,103.48,88.276,1228,0.012,0.077,101.79,104.69,100.95
-1.8988,37.209,104.17,88,1228,0.059,0.077,104.66,101.13,105.61
-1.8989,37.209,104.86,88,1230,0.003,0.044,103.86,102.44,101.42
-1.8991,37.208,105,88,1231,0.064,0.071,101.07,104.17,100.45
-1.8993,37.208,105.24,88.77,1229,0.032,0.024,101.7,104.98,104.04
-1.8995,37.208,105.92,89,1230,0.067,0.088,100.81,103.28,100.5
-1.8997,37.208,106.61,88.208,1234,0.078,0.09,103.38,105.48,100.37
-1.8999,37.207,107,88,1231,0.034,0.007,100.86,105.51,104.17
-1.9001,37.207,107,88.815,1230,0.004,0.03,105.14,103.71,100.01
-1.9003,37.207,107.68,88.174,1232,0.063,0.024,100.18,105.47,100.94
-1.9005,37.207,108,88.838,1231,0.051,0.019,105.11,105.37,101.65
-1.9006,37.207,108,89,1232,0.041,0.069,101.39,102.07,101.89
-1.9007,37.207,108,89,1232,0.045,0.033,104.53,105.98,104.29
-1.9009,37.206,108.44,89,1235,0.025,0.014,100.33,105.35,103.43
-1.9011,37.206,109,88.117,1232,0.06,0.015,104.25,102.18,103.09
-1.9012,37.206,109,88,1229,0.027,0.081,101.1,104.7,103.46
-1.9014,37.206,109,88,1234,0.071,0.086,105.97,101.97,100.02
-1.9016,37.206,109,88.917,1231,0.027,0.047,103.1,100.94,102.11
-1.9018,37.205,109,89,1232,0.064,0.001,103.23,104.44,103.27
-1.902,37.205,109,88.06,1231,0.065,0.038,101.63,103.79,100.55
-1.9021,37.205,108.74,88.951,1231,0.004,0.011,102.27,103.6,101.63
-1.9022,37.205,108.05,89,1235,0.032,0.086,103.07,101.44,103.55
-1.9023,37.205,108,89,1235,0.078,0.024,103.09,101.69,100.02
-1.9025,37.205,107.34,88.015,1237,0.033,0.081,102.81,104.8,100.18
-1.9027,37.205,105.98,88,1241,0.026,0.081,100.92,103.52,102.26
-1.903,37.204,105.29,88,1242,0.051,0.07,101.29,101.81,100.99
-1.9033,37.204,105,88,1246,0.069,0.082,103.87,101.77,101.84
-1.9035,37.204,104.83,88,1246,0.063,0.001,103.64,101.35,101.62
-1.9038,37.204,103.45,88,1249,0.043,0.087,101.09,103.03,101.84
-1.904,37.204,102.54,88.054,1254,0.06,0.006,105.21,103.39,103.5
-1.9042,37.204,101.69,89,1259,0.059,0.025,103.17,100.41,103.23
-1.9044,37.203,100.31,89,1259,0.036,0.044,105.85,100.98,104.75
-1.9047,37.203,98.937,89,1638,0.068,0.088,101.71,103.06,102.24
-1.9049,37.203,97.779,89,1637,0.04,0.051,105.7,103.25,104.51
-1.9051,37.203,97.09,89,1633,0.076,0.024,103.65,103.06,103.92
-1.9052,37.203,97,89,1628,0.064,0.011,104.66,100.73,103.31
-1.9054,37.203,96.712,89,1622,0.01,0.014,100.38,100.93,105.11
